INSERT INTO `diyi_admin` VALUES ('1123598821738675888', '1123598821738675271', '', 'NORMAL', '小李子', 'UNKNOW', 'MANAGEMENT', '18856499257', null, '18856499257', '10470c3b4b1fed12c3baac014be15fac67c6e815', '', '', null, '2020-09-19 17:31:39', null, '2020-09-19 17:31:37', '1', '0');

INSERT INTO `sys_user` VALUES ('1123598821738675202', '000000', 'ENTERPRISE', '18856499257', '18856499257', '', '', '', null, '2020-08-08 09:29:02', null, '2020-08-08 09:29:10', '1', '0');
INSERT INTO `sys_user` VALUES ('1123598821738675271', '000000', 'ADMIN', '18856499257', '18856499257', '', '', '', null, '2020-08-08 09:29:02', null, '2020-08-08 09:29:10', '1', '0');
INSERT INTO `sys_user` VALUES ('1123598821738675278', '000000', 'MAKER', '18856499257', '18856499257', '', '', '', null, '2020-08-08 09:29:02', null, '2020-08-08 09:29:10', '1', '0');
INSERT INTO `sys_user` VALUES ('1294577200718102538', '000000', 'SERVICEPROVIDER', '18856499257', '18856499257', '', '', '', null, '2020-08-19 14:45:55', null, '2020-08-19 14:45:58', '1', '0');
INSERT INTO `sys_user` VALUES ('1321270842849468417', '000000', 'MAKER', '13818443810', '13818443810', '', '', '', null, '2020-10-28 10:01:32', null, '2020-10-28 10:01:32', '1', '0');
INSERT INTO `sys_user` VALUES ('1321294531624042497', '000000', 'MAKER', '17623236758', '17623236758', '', '', '', null, '2020-10-28 11:35:39', null, '2020-10-28 11:35:39', '1', '0');
INSERT INTO `sys_user` VALUES ('1321334829549002754', '000000', 'MAKER', '18666009970', '18666009970', '', '', '', null, '2020-10-28 14:15:47', null, '2020-10-28 14:15:47', '1', '0');
INSERT INTO `sys_user` VALUES ('1321831596577177602', '000000', 'MAKER', '18856499250', '18856499250', '', '', '', '1123598821738675271', '2020-10-29 23:09:46', '1123598821738675271', '2020-10-29 23:09:46', '1', '0');
INSERT INTO `sys_user` VALUES ('1321980773554634754', '000000', 'MAKER', '18121171992', '18121171992', '', '', '', '1123598821738675271', '2020-10-30 09:02:32', '1123598821738675271', '2020-10-30 09:02:32', '1', '0');

INSERT INTO `diyi_agreement` VALUES ('1296343008565891074', 'OTHERAGREEMENT', 'UNILATERALPOWER', 'SIGNING', 'EDITING', 'ea577342-ada4-4765-b108-1953368181d1', null, null, '1123598821738675208', null, null, null, null, null, null, 'http://cashbus-ddh.oss-cn-beijing.aliyuncs.com/upload/20200820/cd6dc0e812464f6fbbfbd282f5046ed4.pdf', '', null, '地衣众包', '广州想象力有限公司', '', '', '2020-08-20 15:07:13', '广州想象力有限公司', null, '2020-08-20 15:07:13', null, '2020-08-20 15:07:13', '1', '0');
INSERT INTO `diyi_agreement` VALUES ('1296351859813990402', 'SERENTSUPPLEMENTARYAGREEMENT', 'PAPERAGREEMENT', 'SIGNING', 'EDITING', '56c6171d-2004-496e-88f9-a894a5376aba', null, null, '1123598821738675208', '1292662449439494141', null, null, null, null, null, 'http://cashbus-ddh.oss-cn-beijing.aliyuncs.com/upload/20200820/cd6dc0e812464f6fbbfbd282f5046ed4.pdf', '', null, '盛大集团', '广州想象力有限公司', '', '', '2020-08-20 15:42:23', '广州想象力有限公司', null, '2020-08-20 15:42:23', null, '2020-08-20 15:42:23', '1', '0');
INSERT INTO `diyi_agreement` VALUES ('1296351859813990406', 'SERVICEPROVIDERJOINAGREEMENT', 'PLATFORMAGREEMENT', 'SIGNED', 'EDITING', '12312312', null, null, null, '1292662449439494141', null, null, null, '1295994358601988833', 'beijing.aliyuncs.com/upload/20200820/cd6dc0e812464f6fbbfbd282f5046ed4.pdf', 'beijing.aliyuncs.com/upload/20200820/cd6dc0e812464f6fbbfbd282f5046ed4.pdf', '', null, '地衣众包', '盛大集团', '', '', '2020-08-20 15:22:50', '大哥', null, '2020-08-20 15:22:43', null, '2020-08-20 15:22:39', '1', '0');
INSERT INTO `diyi_agreement` VALUES ('1296351859813990488', 'MAKERJOINAGREEMENT', 'PLATFORMAGREEMENT', 'SIGNED', 'EDITING', '123sadadas', null, '1293031963582689282', null, null, null, null, null, '1295994358801988836', 'beijing.aliyuncs.com/upload/20200820/cd6dc0e812464f6fbbfbd282f5046ed4.pdf', ' beijing.aliyuncs.com/upload/20200820/cd6dc0e812464f6fbbfbd282f5046ed4.pdf', '', null, '地衣众包', null, '', '', '2020-08-20 15:50:31', '大哥', null, '2020-08-20 15:50:36', null, '2020-08-20 15:50:38', '1', '0');
INSERT INTO `diyi_agreement` VALUES ('1296351859813990489', 'ENTERPRISEJOINAGREEMENT', 'PLATFORMAGREEMENT', 'SIGNED', 'EDITING', '12312asd13', null, null, '1123598821738675208', null, null, null, null, '1295994358513819658', 'beijing.aliyuncs.com/upload/20200820/cd6dc0e812464f6fbbfbd282f5046ed4.pdf', '', '', null, '地衣众包', '李四', '', '', '2020-08-20 14:44:07', '大哥', null, '2020-08-20 14:44:04', null, '2020-08-20 14:44:00', '1', '0');
INSERT INTO `diyi_agreement` VALUES ('1296352889800814593', 'SERENTSUPPLEMENTARYAGREEMENT', 'PAPERAGREEMENT', 'SIGNING', 'EDITING', '1ea82d36-65dd-4e79-a00a-7ce3e80a6a7e', null, null, '1123598821738675208', '1292662449439494141', null, null, null, null, null, 'http://cashbus-ddh.oss-cn-beijing.aliyuncs.com/upload/20200820/cd6dc0e812464f6fbbfbd282f5046ed4.pdf', '', null, '盛大集团', '广州想象力有限公司', '', '', '2020-08-20 15:46:29', '广州想象力有限公司', null, '2020-08-20 15:46:29', null, '2020-08-20 15:46:29', '1', '0');
INSERT INTO `diyi_agreement` VALUES ('1296352901158989826', 'OTHERAGREEMENT', 'UNILATERALPOWER', 'SIGNING', 'EDITING', '3a4a98a3-7742-4f72-b745-9517f1722f14', null, null, '1123598821738675208', null, null, null, null, null, null, 'http://cashbus-ddh.oss-cn-beijing.aliyuncs.com/upload/20200820/cd6dc0e812464f6fbbfbd282f5046ed4.pdf', '', null, '地衣众包', '广州想象力有限公司', '', '', '2020-08-20 15:46:31', '广州想象力有限公司', null, '2020-08-20 15:46:31', null, '2020-08-20 15:46:31', '1', '0');
INSERT INTO `diyi_agreement` VALUES ('1296375254559576066', 'ENTMAKSUPPLEMENTARYAGREEMENT', 'PAPERAGREEMENT', 'SIGNING', 'EDITING', '35fd5a0a-b7f7-4574-815d-48e7de55a033', null, null, '1123598821738675208', null, null, null, null, null, null, 'www.baidu.com', '', null, '广州想象力有限公司', '广州想象力有限公司', '', '', '2020-08-20 17:15:21', '广州想象力有限公司', null, '2020-08-20 17:15:21', null, '2020-08-20 17:15:21', '1', '0');
INSERT INTO `diyi_agreement` VALUES ('1321327208758681601', 'MAKERJOINAGREEMENT', 'PLATFORMAGREEMENT', null, null, '0a88374b-ec0c-41ad-8a28-7d54efc91980', null, '1321294531703734274', null, null, null, null, null, '1295994358801988836', 'http://diyi-cr.oss-cn-shanghai.aliyuncs.com/upload/20201028/7b12fc01049047d29defbfe157d7f9ac.pdf', '', '', null, '地衣众包平台', '', '', '', '2020-10-28 13:45:30', '', '1321294531624042497', '2020-10-28 13:45:30', '1321294531624042497', '2020-10-28 13:45:30', '1', '0');
INSERT INTO `diyi_agreement` VALUES ('1321343618973081602', 'MAKERPOWERATTORNEY', 'PLATFORMAGREEMENT', null, null, '83c0cbf8-4882-47d1-ba86-49a17c73b8c1', null, '1321294531703734274', null, null, null, null, null, '1295994352201988840', 'http://diyi-cr.oss-cn-shanghai.aliyuncs.com/upload/20201028/9796b98869464ba9801b25e356933b54.pdf', '', '', null, '地衣众包平台', '伍细军', '', '', '2020-10-28 14:50:43', '伍细军', '1321294531624042497', '2020-10-28 14:50:43', '1321294531624042497', '2020-10-28 14:50:43', '1', '0');
INSERT INTO `diyi_agreement` VALUES ('1321359939009945602', 'ENTERPRISEPROMISE', 'PAPERAGREEMENT', 'SIGNING', null, '3b2eb6d2-1ef2-4fdb-bbc8-14ec646447bd', null, null, '1123598821738675208', null, null, null, null, null, null, 'http://diyi-cr.oss-cn-shanghai.aliyuncs.com/upload/20201028/1b2ae944c00148beb49c085525d225d6.png', '', null, '地衣众包平台', '广州想象力有限公司', '', '', '2020-10-28 15:55:34', '广州想象力有限公司', '1123598821738675202', '2020-10-28 15:55:34', '1123598821738675202', '2020-10-28 15:55:34', '1', '0');
INSERT INTO `diyi_agreement` VALUES ('1321360032320626690', 'SERENTSUPPLEMENTARYAGREEMENT', 'PAPERAGREEMENT', null, null, 'a78c126d-97e0-4a5a-bf9e-de86dc6c27b9', null, null, '1123598821738675208', '1292662449439494141', null, null, null, null, null, 'http://diyi-cr.oss-cn-shanghai.aliyuncs.com/upload/20201028/8bb69951be7644c19df82bb7dc95593d.jpg', '', null, '盛大集团', '广州想象力有限公司', '', '', '2020-10-28 15:55:56', '广州想象力有限公司', '1123598821738675202', '2020-10-28 15:55:56', '1123598821738675202', '2020-10-28 15:55:56', '1', '0');
INSERT INTO `diyi_agreement` VALUES ('1321375825213177857', 'ENTERPRISEPROMISE', 'PAPERAGREEMENT', 'SIGNING', null, 'daacf766-787e-4357-a0e8-044f58319e98', null, null, '1123598821738675208', null, null, null, null, null, null, 'http://diyi-cr.oss-cn-shanghai.aliyuncs.com/upload/20201028/70e0780d398a4df19bc0af2fd3a4404e.png', '', null, '地衣众包平台', '广州想象力有限公司', '', '', '2020-10-28 16:58:41', '广州想象力有限公司', '1123598821738675202', '2020-10-28 16:58:41', '1123598821738675202', '2020-10-28 16:58:41', '1', '0');
INSERT INTO `diyi_agreement` VALUES ('1321445155376381953', 'SERENTSUPPLEMENTARYAGREEMENT', 'PAPERAGREEMENT', null, null, '47273b4c-105c-4a7e-a73a-c5bea4a98853', null, null, '1123598821738675208', '1292662449439494141', null, null, null, null, null, 'http://diyi-cr.oss-cn-shanghai.aliyuncs.com/upload/20201028/396fcbc17c68446b9a87b4521026a398.png', '', null, '盛大集团', '广州想象力有限公司', '', '', '2020-10-28 21:34:11', '广州想象力有限公司', '1294577200718102538', '2020-10-28 21:34:11', '1294577200718102538', '2020-10-28 21:34:11', '1', '0');

INSERT INTO `diyi_online_sign_pic` VALUES ('1321327205688451073', 'MAKERPEOPLE', '1321294531703734274', 'http://diyi-cr.oss-cn-shanghai.aliyuncs.com/upload/20201028/07154ffb751a4cc79cc8f8659cc29067.png', '2020-10-28 13:45:30', '1321294531624042497', '2020-10-28 13:45:30', '1321294531624042497', '2020-10-28 13:45:30', '1', '0');

INSERT INTO `diyi_accept_paysheet` VALUES ('1295759259893895169', '1295620592154951682', 'SINGLE', '1293031275247071233', '2020-08-19 00:00:11', '2020-09-29 00:00:12', '商户上传', '1', 'http://cashbus-ddh.oss-cn-beijing.aliyuncs.com/upload/20200819/c010f65e252c45f98ef45a3807131905.png', null, '', '', '1123598821738675202', '2020-08-19 00:27:36', '1123598821738675202', '2020-08-19 00:27:36', '1', '0');
INSERT INTO `diyi_accept_paysheet` VALUES ('1296431594976268290', '1212662449111494142', 'MANY', null, '2020-08-19 00:00:41', '2020-09-29 00:00:12', '商户上传', '1', 'http://cashbus-ddh.oss-cn-beijing.aliyuncs.com/upload/20200820/b48adf1197b0449ab536caaaf8b5afbb.png', null, '', '', '1123598821738675202', '2020-08-20 20:59:13', '1123598821738675202', '2020-08-20 20:59:13', '1', '1');

INSERT INTO `diyi_accept_paysheet_cs` VALUES ('1295759259893895169', '1292662449439494141', 'SINGLE', '1212662449431494188', '2020-08-19 00:00:55', '2020-09-29 00:00:13', '商户上传', '1', 'http://cashbus-ddh.oss-cn-beijing.aliyuncs.com/upload/20200819/c010f65e252c45f98ef45a3807131905.png', '2020-08-19 00:00:20', '', '', '1123598821738675202', '2020-08-19 00:27:36', '1123598821738675202', '2020-08-19 00:27:36', '1', '0');
INSERT INTO `diyi_accept_paysheet_cs` VALUES ('1296431594976268290', '1292662449439494141', 'MANY', null, '2020-08-19 00:00:15', '2020-09-29 00:00:12', '商户上传', '1', 'http://cashbus-ddh.oss-cn-beijing.aliyuncs.com/upload/20200820/b48adf1197b0449ab536caaaf8b5afbb.png', '2020-08-19 00:00:21', '', '', '1123598821738675202', '2020-08-20 20:59:13', '1123598821738675202', '2020-08-20 20:59:13', '1', '0');

INSERT INTO `diyi_address` VALUES ('1123598821738675208', '1123598821738675208', 'ENTERPRISEPEOPLE', '武则天', '15322647895', '广东省', '广州市', '番禺区', '交易广场', '', null, '2020-08-21 14:38:40', null, '2020-08-21 14:38:42', '1', '0');
INSERT INTO `diyi_address` VALUES ('1296710053485039617', '1123598821738675208', 'ENTERPRISEPEOPLE', 'string', 'string', 'string', 'string', 'string', 'string', '', null, '2020-08-21 15:25:43', null, '2020-08-21 15:25:43', '1', '0');
INSERT INTO `diyi_address` VALUES ('1321335241048530946', '1321294531703734274', 'MAKERPEOPLE', '王企鹅群无', '18470003661', '北京市', '市辖区', '东城区', '12321', '', '1321294531624042497', '2020-10-28 14:17:25', '1321294531624042497', '2020-10-28 14:17:49', '1', '0');
INSERT INTO `diyi_address` VALUES ('1321335342244503554', '1321294531703734274', 'MAKERPEOPLE', '12312', '18470003661', '天津市', '市辖区', '和平区', '234324', '', '1321294531624042497', '2020-10-28 14:17:49', '1321294531624042497', '2020-10-28 14:17:49', '1', '1');

INSERT INTO `diyi_individual_business` VALUES ('1293733449434353666', '1292652110270418946', '1292662449439494141', 'SMALL', '广州想象力有限公司', '65465164611365', null, '', '', '', '', '500.00', '', 'IT行业', '各种软件', '广州想象力有限公司，佛山隔离有限公司', '', '', '', 'OPERATING', null, null, null, null, '离开对', '15633265984', '0.00', '1123598821738675202', '2020-08-13 10:17:45', '1123598821738675202', '2020-08-13 10:17:45', '1', '0');
INSERT INTO `diyi_individual_business` VALUES ('1293733482607104001', '1292652110270418946', '1292662449439494141', 'SMALL', '', '', null, '', '', '', '', '500.00', '', 'IT行业', '各种软件', '广州想象力有限公司，佛山隔离有限公司', '', '', '', 'BUSINESSREGISTERING', null, null, null, null, '离开对', '15633265984', '0.00', '1123598821738675202', '2020-08-13 10:17:53', '1123598821738675202', '2020-08-13 10:17:53', '1', '0');
INSERT INTO `diyi_individual_business` VALUES ('1293733490500784130', '1292652110270418946', '1292662449439494141', 'SMALL', '', '', null, '', '', '', '', '500.00', '', 'IT行业', '各种软件', '广州想象力有限公司，佛山隔离有限公司', '', '', '', 'BUSINESSREGISTERING', null, null, null, null, '离开对', '15633265984', '0.00', '1123598821738675202', '2020-08-13 10:17:55', '1123598821738675202', '2020-08-13 10:17:55', '1', '0');
INSERT INTO `diyi_individual_business` VALUES ('1293733493625540610', '1292652110270418946', '1292662449439494141', 'SMALL', '', '', null, '', '', '', '', '500.00', '', 'IT行业', '各种软件', '广州想象力有限公司，佛山隔离有限公司', '', '', '', 'BUSINESSREGISTERING', null, null, null, null, '离开对', '15633265984', '0.00', '1123598821738675202', '2020-08-13 10:17:56', '1123598821738675202', '2020-08-13 10:17:56', '1', '0');

INSERT INTO `diyi_individual_enterprise` VALUES ('1293745018494996482', '1292652110270418946', '1292662449439494141', 'SMALL', '佛山隔离有限公司', '57651365465135', null, '', '', '', '', '500.00', '', 'IT行业', '各种软件', '123,佛山隔离有限公司', '', '', '', 'CANCELLED', null, null, null, '2020-10-28 23:33:41', '离开对', '15633265984', '0.00', '', '1123598821738675202', '2020-08-13 11:03:44', '1123598821738675271', '2020-10-29 21:45:13', '1', '0');
INSERT INTO `diyi_individual_enterprise` VALUES ('1293746234130124802', '1292652110270418946', '1292662449439494141', 'SMALL', '', '', null, '', '', '', '', '500.00', '', 'IT行业', '各种软件', '1广州想象力有限公司,佛山隔离有限公司', '', '', '', 'BUSINESSREGISTERING', null, null, null, null, '离开对', '15633265984', '0.00', '', '1123598821738675202', '2020-08-13 11:08:34', '1123598821738675271', '2020-10-29 00:17:25', '1', '0');
INSERT INTO `diyi_individual_enterprise` VALUES ('1321358514406203393', '1321294531703734274', null, 'SMALL', '', '', null, '', '', '', '', '100.00', '', '测试', '企业管理咨询服务（不含投资与资产管理）、市场管理服务、单位后勤管理服务；商务代理代办服务。', '请问,王企鹅', '', '', '', 'EDITING', null, null, null, null, '123', '18274403601', '0.00', '', '1321294531624042497', '2020-10-28 15:49:54', '1321294531624042497', '2020-10-28 15:49:54', '1', '0');
INSERT INTO `diyi_individual_enterprise` VALUES ('1321485642124673025', '1292652110270418946', null, 'SMALL', '', '', null, '', '', '', '', '500.00', '', 'IT行业', '各种软件', '广州想象力有限公司,佛山隔离有限公司', '', '', '', 'EDITING', null, null, null, null, '离开对', '15633265984', '0.00', '', '1123598821738675271', '2020-10-29 00:15:04', '1123598821738675271', '2020-10-29 00:15:04', '1', '0');
INSERT INTO `diyi_individual_enterprise` VALUES ('1321485731811475458', '1292652110270418946', null, 'SMALL', '', '', null, '', '', '', '', '500.00', '', 'IT行业', '各种软件', '广州想象力有限公司,佛山隔离有限公司', '', '', '', 'EDITING', null, null, null, null, '离开对', '15633265984', '0.00', '', '1123598821738675271', '2020-10-29 00:15:25', '1123598821738675271', '2020-10-29 00:15:25', '1', '0');

INSERT INTO `diyi_enterprise_service_provider` VALUES ('1123598821738675201', '1123598821738675208', '1292662449439494141', '尼禄', '大撒反对观点', 'COOPERATING', null, '2020-08-12 16:46:29', null, '2020-08-12 16:46:30', '1', '0');

INSERT INTO `diyi_enterprise_worker` VALUES ('1123598821738675201', '1123598821738675208', '1123598821738675202', '', 'NORMAL', '1', 'UNKNOW', 'FINANCIAL', '18856499257', '0', '18856499257', '10470c3b4b1fed12c3baac014be15fac67c6e815', '', '', null, '2020-08-03 15:22:35', null, '2020-08-03 15:22:32', '1', '0');

INSERT INTO `diyi_online_agreement_need_sign` VALUES ('1321270843126292481', '1295994358801988836', 'MAKERPEOPLE', 'UNSIGN', 'PARTYB', '1321270842916577281', null, '2020-10-28 10:01:32', null, '2020-10-28 10:01:32', '1', '0');
INSERT INTO `diyi_online_agreement_need_sign` VALUES ('1321285290402226177', '1295994358801988836', 'MAKERPEOPLE', 'UNSIGN', 'PARTYB', '1321285290326728705', null, '2020-10-28 10:58:56', null, '2020-10-28 10:58:56', '1', '0');
INSERT INTO `diyi_online_agreement_need_sign` VALUES ('1321294531959586817', '1295994358801988836', 'MAKERPEOPLE', 'SIGNING', 'PARTYB', '1321294531703734274', null, '2020-10-28 11:35:40', '1321294531624042497', '2020-10-28 13:45:30', '1', '0');
INSERT INTO `diyi_online_agreement_need_sign` VALUES ('1321294532047667201', '1295994352201988840', 'MAKERPEOPLE', 'SIGNING', 'PARTYB', '1321294531703734274', null, '2020-10-28 11:35:40', '1321294531624042497', '2020-10-28 14:50:43', '1', '0');
INSERT INTO `diyi_online_agreement_need_sign` VALUES ('1321334829746135042', '1295994358801988836', 'MAKERPEOPLE', 'UNSIGN', 'PARTYB', '1321334829607723010', null, '2020-10-28 14:15:47', null, '2020-10-28 14:15:47', '1', '0');
INSERT INTO `diyi_online_agreement_need_sign` VALUES ('1321334829813243905', '1295994352201988840', 'MAKERPEOPLE', 'UNSIGN', 'PARTYB', '1321334829607723010', null, '2020-10-28 14:15:47', null, '2020-10-28 14:15:47', '1', '0');
INSERT INTO `diyi_online_agreement_need_sign` VALUES ('1321831596761726977', '1295994358801988836', 'MAKERPEOPLE', 'UNSIGN', 'PARTYB', '1321831596623314946', '1123598821738675271', '2020-10-29 23:09:46', '1123598821738675271', '2020-10-29 23:09:46', '1', '0');
INSERT INTO `diyi_online_agreement_need_sign` VALUES ('1321831596820447234', '1295994352201988840', 'MAKERPEOPLE', 'UNSIGN', 'PARTYB', '1321831596623314946', '1123598821738675271', '2020-10-29 23:09:46', '1123598821738675271', '2020-10-29 23:09:46', '1', '0');
INSERT INTO `diyi_online_agreement_need_sign` VALUES ('1321980773646909442', '1295994358801988836', 'MAKERPEOPLE', 'UNSIGN', 'PARTYB', '1321980773579800577', '1123598821738675271', '2020-10-30 09:02:32', '1123598821738675271', '2020-10-30 09:02:32', '1', '0');
INSERT INTO `diyi_online_agreement_need_sign` VALUES ('1321980773743378433', '1295994352201988840', 'MAKERPEOPLE', 'UNSIGN', 'PARTYB', '1321980773579800577', '1123598821738675271', '2020-10-30 09:02:32', '1123598821738675271', '2020-10-30 09:02:32', '1', '0');

INSERT INTO `diyi_enterprise` VALUES ('1123598821738675208', 'NORMAL', '121654654132156', '广州想象力有限公司', '刘德华', '324651685432165465461', '152316165163132', 'http://cashbus-ddh.oss-cn-beijing.aliyuncs.com/upload/20200810/5da2db4f2d784443a635da036ce66904.jpg', 'http://cashbus-ddh.oss-cn-beijing.aliyuncs.com/upload/20200810/5da2db4f2d784443a635da036ce66904.jpg', 'http://cashbus-ddh.oss-cn-beijing.aliyuncs.com/upload/20200810/5da2db4f2d784443a635da036ce66904.jpg', '广东省广州市番禺', '刘德华', '15622190795', '开票公司名称', '5465416546651', '广东省广州市番禺 15622191236', '广发银行 5651654121654', 'NATCROSOUCOM', 'TONGLIANPAY', '10.00', '刘德华', 'MANAGEMENT', '18856499257', '1418541908@qq.com', '刘德可', 'MANAGEMENT', '18856499258', '11418541908@qq.com', '特许需求', 'PLATFORMCREATE', '53651', '544651', '装饰品行业', '戒指，首饰', '广东省广州市天河', '684165', '最精品商店', null, '2020-08-03 15:14:12', null, '2020-08-03 15:14:10', '1', '0');
INSERT INTO `diyi_enterprise` VALUES ('1123598821738675209', 'NORMAL', '655613654168546', '广州神奇有限公司', '张学友', '3251231321654651321', '416135456432132', 'http://cashbus-ddh.oss-cn-beijing.aliyuncs.com/upload/20200810/5da2db4f2d784443a635da036ce66904.jpg', 'http://cashbus-ddh.oss-cn-beijing.aliyuncs.com/upload/20200810/5da2db4f2d784443a635da036ce66904.jpg', 'http://cashbus-ddh.oss-cn-beijing.aliyuncs.com/upload/20200810/5da2db4f2d784443a635da036ce66904.jpg', '广东省广州市越秀', '张学友', '15622190791', '开票公司名称', '6512316546514', '广东省广州市越秀 15622462689', '广发银行 5651654121654', 'NATCROSOUCOM', 'TONGLIANPAY', '10.00', '张学友', 'MANAGEMENT', '15622190791', '4525316531@qq.com', '张三丰', 'MANAGEMENT', '15622190792', '146513216513@qq.com', '萨利纳斯的', 'PLATFORMCREATE', '4534', '4204', '5454', '4204', '45343', '543453', '453453', null, '2020-08-19 17:37:00', null, '2020-08-19 17:36:58', '1', '0');

INSERT INTO `diyi_pay_enterprise` VALUES ('1292662449439494178', '1123598821738675208', '1292662449439494141', 'shanghai.aliyuncs.com/upload/20200828/b8d6d437bbe147c8a9551383d9f059f3.xlsx', 'NATURALPERSON', null, '1123598821738675123', '21.00', '21.00', '12.00', '12.00', '67.00', '123.00', '21312.00', '21321.00', '5', 'qwe', 'TOPAY', '2020-10-29 20:05:42', '2020-10-29 20:05:44', null, 'APPROVED', 'OPENED', 'OPENED', null, '', '', '', '1123598821738675202', '2020-10-29 20:06:05', null, '2020-10-29 20:06:07', '1', '0');
INSERT INTO `diyi_pay_enterprise` VALUES ('1292662449439494179', '1123598821738675208', '1292662449439494141', 'http://diyi-cr.oss-cn-shanghai.aliyuncs.com/upload/20200828/b8d6d437bbe147c8a9551383d9f059f3.xlsx', 'NATURALPERSON', null, '1123598821738675123', '34.00', '34.00', '34.00', '34.00', '12.00', '300.00', '600.00', '5000.00', '5', '测试', 'TOPAY', '2020-10-29 19:32:49', '2020-10-29 19:32:51', null, 'APPROVED', 'OPENED', 'OPENED', null, '', '', '', '1123598821738675202', '2020-10-29 19:35:09', null, '2020-10-29 19:35:11', '1', '0');
INSERT INTO `diyi_pay_enterprise` VALUES ('1212662449111494145', '1123598821738675208', '1292662449439494141', 'http://diyi-cr.oss-cn-shanghai.aliyuncs.com/upload/20200828/b8d6d437bbe147c8a9551383d9f059f3.xlsx', 'INDIVIDUALENTERPRISE', null, '1123598821738675123', '63.00', '23.00', '6.30', '623.00', '2.00', '10.00', '10.00', '100.00', '5', '测试', 'TOPAY', null, null, null, 'EDITING', 'OPENED', 'OPENED', null, '', '', '', null, '2020-08-17 16:56:56', null, '2020-08-17 16:56:58', '1', '0');
INSERT INTO `diyi_pay_enterprise` VALUES ('1212662449431494142', '1123598821738675208', '1292662449439494141', 'http://diyi-cr.oss-cn-shanghai.aliyuncs.com/upload/20200828/b8d6d437bbe147c8a9551383d9f059f3.xlsx', 'NATURALPERSON', null, '1123598821738675123', '63.00', '23.00', '6.30', '623.00', '2.00', '10.00', '10.00', '100.00', '5', '测试', 'PAYED', null, null, null, 'APPROVED', 'UNOPEN', 'OPENED', null, '', '', '', null, '2020-08-17 16:56:56', null, '2020-08-17 16:56:58', '1', '0');
INSERT INTO `diyi_pay_enterprise` VALUES ('1212662449439494141', '1123598821738675208', '1292662449439494141', 'http://diyi-cr.oss-cn-shanghai.aliyuncs.com/upload/20200828/b8d6d437bbe147c8a9551383d9f059f3.xlsx', 'NATURALPERSON', null, '1123598821738675123', '63.00', '23.00', '6.30', '623.00', '2.00', '10.00', '10.00', '100.00', '5', '测试', 'CONFIRMPAY', '2020-08-17 17:00:23', '2020-08-17 17:00:25', null, 'APPROVED', 'OPENED', 'OPENED', null, '', '', '', null, '2020-08-17 16:56:56', null, '2020-08-17 16:56:58', '1', '0');
INSERT INTO `diyi_pay_enterprise` VALUES ('1295617977161596929', '1123598821738675208', '1292662449439494141', 'http://diyi-cr.oss-cn-shanghai.aliyuncs.com/upload/20200828/b8d6d437bbe147c8a9551383d9f059f3.xlsx', 'NATURALPERSON', null, null, '1000.00', '500.00', '100.00', '20.00', '250.00', '100.00', '100.00', '100.00', '5', '支付清单测试', 'TOPAY', null, null, null, 'EDITING', 'UNOPEN', 'UNOPEN', null, '', '', '', '1123598821738675202', '2020-08-18 15:06:12', '1123598821738675202', '2020-08-18 15:06:12', '1', '0');
INSERT INTO `diyi_pay_enterprise` VALUES ('1295620592154951682', '1123598821738675208', '1292662449439494141', 'http://diyi-cr.oss-cn-shanghai.aliyuncs.com/upload/20200828/b8d6d437bbe147c8a9551383d9f059f3.xlsx', 'NATURALPERSON', null, '1123598821738675200', '1000.00', '500.00', '100.00', '20.00', '250.00', '100.00', '100.00', '100.00', '5', '支付清单测试2', 'TOPAY', null, null, null, 'EDITING', 'UNOPEN', 'UNOPEN', null, '', '', '', '1123598821738675202', '2020-08-18 15:16:35', '1123598821738675202', '2020-08-18 15:16:35', '1', '0');

INSERT INTO `diyi_pay_enterprise_receipt` VALUES ('1212662412345494111', '1292662449439494178', 'www.naidu51111.com', null, '2020-10-29 20:06:47', null, '2020-10-29 20:06:49', '1', '0');
INSERT INTO `diyi_pay_enterprise_receipt` VALUES ('1212662412345494222', '1292662449439494179', 'www.naidu51111.com', null, '2020-10-29 19:58:50', null, '2020-10-29 19:58:53', '1', '0');
INSERT INTO `diyi_pay_enterprise_receipt` VALUES ('1212662412345494100', '1212662449439494100', 'www.naidu5.com', null, '2020-08-18 14:35:49', null, '2020-08-18 14:35:53', '1', '0');
INSERT INTO `diyi_pay_enterprise_receipt` VALUES ('1212662449111494454', '1212662449439494141', 'www.baidu4.com', null, '2020-08-17 17:05:16', null, '2020-08-17 17:05:19', '1', '0');
INSERT INTO `diyi_pay_enterprise_receipt` VALUES ('1212662449111494456', '1212662449111494142', 'www.baidu2.com', null, '2020-08-17 17:02:33', null, '2020-08-17 17:02:36', '1', '0');
INSERT INTO `diyi_pay_enterprise_receipt` VALUES ('1213662449111494456', '1212662449111494142', 'www.baidu1.com', null, '2020-08-17 17:03:24', null, '2020-08-17 17:03:26', '1', '0');
INSERT INTO `diyi_pay_enterprise_receipt` VALUES ('1232134564654651234', '1212662449431494142', 'www.baidu3.com', null, '2020-08-17 17:04:37', null, '2020-08-17 17:04:40', '1', '0');
INSERT INTO `diyi_pay_enterprise_receipt` VALUES ('1295617977161596900', '1295620592154951682', 'http://cashbus-ddh.oss-cn-beijing.aliyuncs.com/upload/20200810/5da2db4f2d784443a635da036ce66904.jpg', null, '2020-08-20 17:45:42', null, '2020-08-20 17:45:40', '1', '0');
INSERT INTO `diyi_pay_enterprise_receipt` VALUES ('1295617977161596901', '1295620592154951682', 'http://cashbus-ddh.oss-cn-beijing.aliyuncs.com/upload/20200810/5da2db4f2d784443a635da036ce66904.jpg', null, '2020-08-20 17:48:44', null, '2020-08-20 17:48:48', '1', '0');


INSERT INTO `diyi_maker` VALUES ('1292652110270418946', '1292652110132006913', '', '', '2020-08-10 10:40:54', null, '服务零', '', 'UNCERTIFIED', 'UNSIGN', 'UNSIGN', 'NORMAL', '', '', '', '', '445381199502064895', '15622190888', '9e76bfe25a486ae4284bb94ddada8ea7d7d647b3', '', '', '', 'http://cashbus-ddh.oss-cn-beijing.aliyuncs.com/upload/20200810/5da2db4f2d784443a635da036ce66904.jpg', 'http://cashbus-ddh.oss-cn-beijing.aliyuncs.com/upload/20200810/5da2db4f2d784443a635da036ce66904.jpg', '', '', 'http://cashbus-ddh.oss-cn-beijing.aliyuncs.com/upload/20200810/5da2db4f2d784443a635da036ce66904.jpg', 'http://cashbus-ddh.oss-cn-beijing.aliyuncs.com/upload/20200810/5da2db4f2d784443a635da036ce66904.jpg', 'VERIFYPASS', null, 'VERIFYPASS', null, 'VERIFYPASS', null, 'VERIFYPASS', null, '', null, '', '', '', '', '', '', null, '', '', '', 'TOAUDIT', null, null, '1123598821738675202', '2020-08-10 10:40:54', '1123598821738675202', '2020-08-10 10:40:54', '1', '0');
INSERT INTO `diyi_maker` VALUES ('1293031275247071233', '1293031275083493377', '', '', '2020-08-11 11:47:34', null, '刘登华', '', 'UNCERTIFIED', 'UNSIGN', 'UNSIGN', 'NORMAL', '', '', '', '', '445381199502064885', '15622190889', 'ea320be634c830eb67593f1138c8217acee58c8e', '6225648956745682', '假设银行', '6225648956745682', '', '', '', '', '', '', 'TOVERIFY', null, 'TOVERIFY', null, 'TOVERIFY', null, 'TOVERIFY', null, '', null, '', '', '', '', '', '', null, '', '', '', 'TOAUDIT', null, null, '1123598821738675202', '2020-08-11 11:47:34', '1123598821738675202', '2020-08-11 11:47:34', '1', '0');
INSERT INTO `diyi_maker` VALUES ('1293031963582689282', '1293031963549134849', '', '', '2020-08-11 11:50:18', null, '张旭', '', 'UNCERTIFIED', 'UNSIGN', 'UNSIGN', 'NORMAL', '', '', '', '', '445381199502064888', '15622190881', 'bebd04ebf83e54da0cdf61a510ac289fec3844d5', '6225648956745682', '假设银行', '6225648956745682', '', '', '', '', '', '', 'TOVERIFY', null, 'TOVERIFY', null, 'TOVERIFY', null, 'TOVERIFY', null, '', null, '', '', '', '', '', '', null, '', '', '', 'TOAUDIT', null, null, '1123598821738675202', '2020-08-11 11:50:18', '1123598821738675202', '2020-08-11 11:50:18', '1', '0');
INSERT INTO `diyi_maker` VALUES ('1293033755301277698', '1293033755271917569', '', '', '2020-08-11 11:57:25', null, '刘德华', '', 'UNCERTIFIED', 'UNSIGN', 'UNSIGN', 'NORMAL', '', '', '', '', '410224198303256651', '13078623457', 'c29b353ceeec94c998428f3f04cd0dff57ab42b6', '', '', '', '', '', '', '', '', '', 'TOVERIFY', null, 'TOVERIFY', null, 'TOVERIFY', null, 'TOVERIFY', null, '', null, '', '', '', '', '', '', null, '', '', '', 'TOAUDIT', null, null, '1123598821738675202', '2020-08-11 11:57:25', '1123598821738675202', '2020-08-11 11:57:25', '1', '0');
INSERT INTO `diyi_maker` VALUES ('1293033755448078337', '1293033755422912513', '', '', '2020-08-11 11:57:25', null, '黎明', '', 'UNCERTIFIED', 'UNSIGN', 'UNSIGN', 'NORMAL', '', '', '', '', '410224198303251254', '13078628798', 'd51053cf38e20e8f9ba78147e2f55d096beb011c', '', '', '', '', '', '', '', '', '', 'TOVERIFY', null, 'TOVERIFY', null, 'TOVERIFY', null, 'TOVERIFY', null, '', null, '', '', '', '', '', '', null, '', '', '', 'TOAUDIT', null, null, '1123598821738675202', '2020-08-11 11:57:25', '1123598821738675202', '2020-08-11 11:57:25', '1', '0');
INSERT INTO `diyi_maker` VALUES ('1293033755590684674', '1293033755561324546', '', '', '2020-08-11 11:57:25', null, '周星驰', '', 'UNCERTIFIED', 'UNSIGN', 'UNSIGN', 'NORMAL', '', '', '', '', '410224198303258956', '13078625688', 'af8654e7a17f636cb49f42a965d06b008095b97e', '', '', '', '', '', '', '', '', '', 'TOVERIFY', null, 'TOVERIFY', null, 'TOVERIFY', null, 'TOVERIFY', null, '', null, '', '', '', '', '', '', null, '', '', '', 'TOAUDIT', null, null, '1123598821738675202', '2020-08-11 11:57:25', '1123598821738675202', '2020-08-11 11:57:25', '1', '0');
INSERT INTO `diyi_maker` VALUES ('1294576169875619842', '1294576169812705281', 'o84CR4mYJnscQCBXe44TSFas2kKU', '4CNPjVRGBcMGrFaaOLINtg==', '2020-08-15 18:06:26', null, '', '', 'UNCERTIFIED', 'UNSIGN', 'UNSIGN', 'NORMAL', '', '', '', '', '', '18795858369', '9c0b84296d343a1511279c211994c37a78bb5e85', '', '', '', '', '', '', '', '', '', 'TOVERIFY', null, 'TOVERIFY', null, 'TOVERIFY', null, 'TOVERIFY', null, '', null, '', '', '', '', '', '', null, '', '', '', 'TOAUDIT', null, null, null, '2020-08-15 18:06:26', null, '2020-08-15 18:07:23', '1', '0');
INSERT INTO `diyi_maker` VALUES ('1294577176965758977', '1294577176940593153', 'o84CR4oTzJXQD20QkJi1QlYC0h84', 'ZERu2aHFIU/RsbqnkS/cuQ==', '2020-08-15 18:10:26', null, '', '', 'UNCERTIFIED', 'UNSIGN', 'UNSIGN', 'NORMAL', '', '', '', '', '', '18878847270', 'ecc59b10070d796a90959490b0a54401d36dab3f', '', '', '', '', '', '', '', '', '', 'TOVERIFY', null, 'TOVERIFY', null, 'TOVERIFY', null, 'TOVERIFY', null, '', null, '', '', '', '', '', '', null, '', '', '', 'TOAUDIT', null, null, null, '2020-08-15 18:10:26', null, '2020-08-15 18:10:26', '1', '0');
INSERT INTO `diyi_maker` VALUES ('1294577200768434177', '1294577200718102530', 'o84CR4oTzJXQD20QkJi1QlYC0h84', 'ZERu2aHFIU/RsbqnkS/cuQ==', '2020-08-15 18:10:31', null, '', '', 'UNCERTIFIED', 'UNSIGN', 'UNSIGN', 'NORMAL', '', '', '', '', '', '19120666950', 'd1036277dd6fb3330b7ace7bb183173299d19ce3', '', '', '', '', '', '', '', '', '', 'TOVERIFY', null, 'TOVERIFY', null, 'TOVERIFY', null, 'TOVERIFY', null, '', null, '', '', '', '', '', '', null, '', '', '', 'TOAUDIT', null, null, null, '2020-08-15 18:10:31', null, '2020-08-15 18:10:31', '1', '0');
INSERT INTO `diyi_maker` VALUES ('1294583413111472129', '1294583413073723394', 'o84CR4rGJOvlrGlaIhx0EnlEFgxU', '8mTsS2uL04HbjNMHTik6Dg==', '2020-08-15 18:35:13', null, '', '', 'UNCERTIFIED', 'UNSIGN', 'UNSIGN', 'NORMAL', '', '', '', '', '', '15214353029', 'f69dc1e724d86986a2a9ec9fb8eb107ee7adc19e', '', '', '', '', '', '', '', '', '', 'TOVERIFY', null, 'TOVERIFY', null, 'TOVERIFY', null, 'TOVERIFY', null, '', null, '', '', '', '', '', '', null, '', '', '', 'TOAUDIT', null, null, null, '2020-08-15 18:35:13', null, '2020-08-15 18:36:27', '1', '0');
INSERT INTO `diyi_maker` VALUES ('1295725164903776257', '1123598821738675278', 'o84CR4ilC9teRCWTDKLPn3NYOfVw', '2LoNiNCswsdQ8cCgPblvGQ==', '2020-08-18 22:12:07', null, '123', '', 'UNCERTIFIED', 'UNSIGN', 'UNSIGN', 'NORMAL', '', '', '', '', '340406199206162145', '18856499257', '10470c3b4b1fed12c3baac014be15fac67c6e815', '银行卡号', '开户行', '银行卡号', '', '', '', '', '', '', 'TOVERIFY', null, 'TOVERIFY', null, 'TOVERIFY', null, 'TOVERIFY', null, '', null, '', '', '', '', '', '', null, '', '', '', 'TOAUDIT', null, null, '1123598821738675202', '2020-08-18 22:12:07', '1123598821738675202', '2020-10-29 22:11:45', '1', '0');
INSERT INTO `diyi_maker` VALUES ('1321270842916577281', '1321270842849468417', 'o84CR4jHu5puzItBmM3z_5IVfptA', 'DNOxXhccTrSQo/oZzRfd7w==', '2020-10-28 10:01:32', null, '', '', 'UNCERTIFIED', 'UNSIGN', 'UNSIGN', 'NORMAL', '', '', '', '', '', '13818443810', '44c6e0b90386543e01bcf63191f71b389dfbb2af', '', '', '', '', '', '', '', '', '', 'TOVERIFY', null, 'TOVERIFY', null, 'TOVERIFY', null, 'TOVERIFY', null, '', null, '', '', '', '', '', '', null, '', '', '', 'TOAUDIT', null, null, null, '2020-10-28 10:01:32', null, '2020-10-29 21:31:56', '1', '0');
INSERT INTO `diyi_maker` VALUES ('1321294531703734274', '1321294531624042497', 'o84CR4uuyCCLsBrQ7MGVR-1EkE-g', 'noY8dJsmKyNXzhKG5ZkN/A==', '2020-10-28 13:58:37', null, '伍细军', '', 'CERTIFIED', 'SIGNED', 'SIGNED', 'NORMAL', '', '', '', '', '430525199709136112', '17623236758', '10470c3b4b1fed12c3baac014be15fac67c6e815', '6225648956745682', '假设银行', '', '', '', '', '', '', '', 'VERIFYPASS', null, 'VERIFYPASS', null, 'VERIFYPASS', null, 'VERIFYPASS', null, '', null, '', '', '', '', '', '', null, '', '', 'www.baicom.', 'AUDITPASS', '2020-10-28 15:46:28', '11', null, '2020-10-28 11:35:39', null, '2020-10-28 13:38:35', '1', '0');
INSERT INTO `diyi_maker` VALUES ('1321334829607723010', '1321334829549002754', 'o84CR4mtRRmD289RXZtleP2U7J3A', 'cD4bDpd5X3bxhsFnBRG1Fw==', '2020-10-28 14:15:47', null, '', '', 'UNCERTIFIED', 'UNSIGN', 'UNSIGN', 'NORMAL', '', '', '', '', '', '18666009970', 'dcb2bac496634e1547ee4ce2b0096a61dc7e5d93', '', '', '', '', '', '', '', '', '', 'TOVERIFY', null, 'TOVERIFY', null, 'TOVERIFY', null, 'TOVERIFY', null, '', null, '', '', '', '', '', '', null, '', '', '', 'TOAUDIT', null, null, null, '2020-10-28 14:15:47', null, '2020-10-28 14:15:47', '1', '0');
INSERT INTO `diyi_maker` VALUES ('1321831596623314946', '1321831596577177602', '', '', null, null, '创客姓名', '', 'UNCERTIFIED', 'UNSIGN', 'UNSIGN', 'NORMAL', '', '', '', '', '340402199825121212', '18856499250', 'cd9fc06c55abe093d7920e8efd8783ba070065f5', '123', '开户行', '123', '', '', '', '', '', '', 'TOVERIFY', null, 'TOVERIFY', null, 'TOVERIFY', null, 'TOVERIFY', null, '', null, '', '', '', '', '', '', null, '', '', '', 'TOAUDIT', null, null, '1123598821738675271', '2020-10-29 23:09:46', '1123598821738675271', '2020-10-29 23:09:46', '1', '0');
INSERT INTO `diyi_maker` VALUES ('1321980773579800577', '1321980773554634754', 'o84CR4jeU8AWrzey-8yZZB1T7uUA', 'nOtS0hfSrNbk8I3pIwvNpg==', null, null, '时鹏', '', 'UNCERTIFIED', 'UNSIGN', 'UNSIGN', 'NORMAL', '', '', '', '', '34222519761019531X', '18121171992', '83be25f41d5235b60b482aa68cfc2f971bd65c0e', '', '', '', '', '', '', '', '', '', 'TOVERIFY', null, 'TOVERIFY', null, 'TOVERIFY', null, 'TOVERIFY', null, '', null, '', '', '', '', '', '', null, '', '', '', 'TOAUDIT', null, null, '1123598821738675271', '2020-10-30 09:02:32', '1123598821738675271', '2020-10-30 09:36:04', '1', '0');

INSERT INTO `diyi_pay_maker` VALUES ('1212662449431494166', '1212662449431494142', '1295725164903776257', 'NATURALPERSON', null, '222.00', '222.00', '2.00', '2.00', '2.00', '2.00', '2.00', '2.00', 'TOPAY', null, null, null, null, 'UNOPEN', 'UNOPEN', '测试', '现代服务', null, '2020-10-29 20:20:34', null, '2020-10-29 20:20:36', '1', '0');
INSERT INTO `diyi_pay_maker` VALUES ('1212662449431494884', '1295620592154951682', '1295725164903776257', 'NATURALPERSON', null, '1.00', '0.00', '0.00', '0.00', '0.00', '0.00', '0.00', '0.00', 'TOPAY', null, null, null, null, 'UNOPEN', 'UNOPEN', '测试', '现代服务', null, '2020-10-30 16:28:30', null, '2020-10-30 16:28:32', '1', '0');
INSERT INTO `diyi_pay_maker` VALUES ('1212662449431494188', '1295617977161596929', '1295725164903776257', 'NATURALPERSON', null, '300.00', '200.00', '100.00', '300.00', '10.00', '20.00', '200.00', '100.00', 'TOPAY', null, null, null, null, 'UNOPEN', 'UNOPEN', '测试', '现代服务', null, '2020-08-17 17:53:12', null, '2020-08-17 17:53:18', '1', '0');

INSERT INTO `diyi_maker_enterprise` VALUES ('1293733449434353668', '1123598821738675208', '1292652110270418946', null, 'ENTERPRISEREL', 'RELEVANCE', '关联', '', '', '2020-10-28 14:10:00', null, null, '2020-10-28 14:10:05', null, '2020-10-28 14:10:09', '1', '0');
INSERT INTO `diyi_maker_enterprise` VALUES ('1321816997224169474', '1123598821738675208', '1295725164903776257', null, 'ENTERPRISEREL', 'RELEVANCE', '首次关联', 'COOPERATING', '', '2020-10-29 22:11:45', null, '1123598821738675202', '2020-10-29 22:11:45', '1123598821738675202', '2020-10-29 22:11:45', '1', '0');

INSERT INTO `diyi_pay_maker_receipt` VALUES ('1212662449431494145', '1212662449431494142', 'www.naod11.com', null, '2020-08-17 17:57:38', null, '2020-08-17 17:57:40', '1', '0');
INSERT INTO `diyi_pay_maker_receipt` VALUES ('1212662449431494188', '1212662449431494142', 'www.naod.com', null, '2020-08-17 17:56:55', null, '2020-08-17 17:56:57', '1', '0');

INSERT INTO `diyi_maker_invoice` VALUES ('1212662449431494001', '1212662449431494188', '43534534', '5435435', '2020-08-17 18:12:51', '45345', '2000.00', '2020.00', '22.00', '123123213vv', '系统销售方', '21321', '3123', '12312', 'www.baidu.com', '2020-08-17 18:14:00', null, '2020-08-17 18:14:06', null, '2020-08-17 18:14:08', '1', '0');

INSERT INTO `diyi_maker_tax_record` VALUES ('1212662449431494003', '1212662449431494188', '1232132131', '2312312312', '200.00', '999.99', '999.99', '300', '21321dasdq3123', 'jiguan', '12312', 'www.naic.com', '2020-08-17 18:00:00', '2020-08-17 18:00:02', null, '2020-08-17 18:00:05', null, '2020-08-17 18:00:10', '1', '0');

INSERT INTO `diyi_maker_total_invoice` VALUES ('1212662449431494002', '1212662449439494141', '76546546', '3214234', '2020-08-17 17:34:44', '测试2', '200.00', '100.00', '3.30', '系统1', '宝马1', 'www.mm11.com', '2020-08-17 17:35:17', 'www.baidu.com', 'www.baidu.com', null, '2020-08-17 17:35:24', null, '2020-08-17 17:35:27', '1', '0');
INSERT INTO `diyi_maker_total_invoice` VALUES ('1212662449431494005', '1212662449111494142', '123qwe123123', '3454363456', '2020-08-17 17:31:24', '测试', '300.00', '200.00', '999.99', '系统', '宝马', 'www.mm.com', '2020-08-17 17:32:12', 'www.baidu.com', 'www.baidu.com', null, '2020-08-17 17:32:42', null, '2020-08-17 17:32:44', '1', '0');

INSERT INTO `diyi_self_help_invoice` VALUES ('1292662449439494141', '1123598821738675208', null, null, '1123598821738675208', null, null, null, null, 'INDIVIDUALBUSINESS', 'http://cashbus-ddh.oss-cn-beijing.aliyuncs.com/upload/20200810/5da2db4f2d784443a635da036ce66904.jpg', 'STANDARDPAY', '100.00', '100.00', '100.00', '10.00', '0.00', '100.00', '100.00', 'INVOICED', '1', '张学友', '2020-08-10 14:48:08', '1123598821738675208', '', null, '2020-08-10 14:41:44', null, '2020-08-10 14:41:42', '1', '0');

INSERT INTO `diyi_self_help_invoice_detail` VALUES ('1292652110559825920', '1292662449439494141', '邱淑芬', 'INDIVIDUALBUSINESS', '1292652110270418946', null, '1292658991252623362', 'INVOICESUCCESS', '饮食', '20', '1000.00', 'http://cashbus-ddh.oss-cn-beijing.aliyuncs.com/upload/20200810/5da2db4f2d784443a635da036ce66904.jpg', 'http://cashbus-ddh.oss-cn-beijing.aliyuncs.com/upload/20200810/5da2db4f2d784443a635da036ce66904.jpg', 'http://cashbus-ddh.oss-cn-beijing.aliyuncs.com/upload/20200810/5da2db4f2d784443a635da036ce66904.jpg', 'http://cashbus-ddh.oss-cn-beijing.aliyuncs.com/upload/20200810/5da2db4f2d784443a635da036ce66904.jpg', '100.00', '100.00', '50', null, '2020-08-10 15:05:26', null, '2020-08-10 15:05:24', '1', '0');
INSERT INTO `diyi_self_help_invoice_detail` VALUES ('1292652110559825921', '1292662449439494141', '刘德华', 'INDIVIDUALENTERPRISE', '1292652110270418946', null, '1292658991252623362','INVOICESUCCESS', 'IT', '20', '500.00', 'http://cashbus-ddh.oss-cn-beijing.aliyuncs.com/upload/20200810/5da2db4f2d784443a635da036ce66904.jpg', 'http://cashbus-ddh.oss-cn-beijing.aliyuncs.com/upload/20200810/5da2db4f2d784443a635da036ce66904.jpg', 'http://cashbus-ddh.oss-cn-beijing.aliyuncs.com/upload/20200810/5da2db4f2d784443a635da036ce66904.jpg', 'http://cashbus-ddh.oss-cn-beijing.aliyuncs.com/upload/20200810/5da2db4f2d784443a635da036ce66904.jpg', '50.00', '50.00', '50', null, '2020-08-10 17:28:25', null, '2020-08-10 17:28:23', '1', '0');

INSERT INTO `diyi_service_provider` VALUES ('1292662449439494141', 'NORMAL', '盛大集团', '黎明', '546541548915647984', '356561654651', 'http://cashbus-ddh.oss-cn-beijing.aliyuncs.com/upload/20200810/5da2db4f2d784443a635da036ce66904.jpg', 'http://cashbus-ddh.oss-cn-beijing.aliyuncs.com/upload/20200810/5da2db4f2d784443a635da036ce66904.jpg', 'http://cashbus-ddh.oss-cn-beijing.aliyuncs.com/upload/20200810/5da2db4f2d784443a635da036ce66904.jpg', '广东省广州市天河区', '黎明', '18856499257', '盛大集团', '65651654654', '广东省广州市天河区 18856499257', '建设银行 5465165441341654563', 'NATCROSOUCOM', 'TONGLIANPAY', '100.00', '黎明1', 'MANAGEMENT', '18856499257', '1418541781@qq.com', '黎明2', 'MANAGEMENT', '18856499258', '1418541788@qq.com', '', 'SELFREGISTER', '1', '1', 'IT行业', null, '2020-08-12 11:08:48', null, '2020-08-12 11:08:46', '1', '0');

INSERT INTO `diyi_self_help_invoice_apply` VALUES ('1292662449439498888', '1292662449439494141', '2020-08-19 17:39:09', 'EDITING', '王企鹅', '测试', null, '2020-08-19 17:39:29', null, '2020-08-19 17:39:32', '1', '0');

INSERT INTO `diyi_enterprise_service_provider_invoice_catalogs` VALUES ('1123298821738675208', '1123598821738675208', '1292662449439494141', '营销', '2020-08-17 16:48:16', '测试', '1', null, '2020-08-17 16:48:24', null, '2020-08-17 16:48:26', '1', '0');
INSERT INTO `diyi_enterprise_service_provider_invoice_catalogs` VALUES ('1123298821738675211', '1123598821738675208', '1292662449439494141', '', '2020-08-17 16:49:57', '测试', '1', null, '2020-08-17 16:50:02', null, '2020-08-17 16:50:05', '1', '0');

INSERT INTO `diyi_self_help_invoice_sp` VALUES ('1292662449439494140', '1292662449439494141', '1292662449439494141', '张起灵', 'INVOICED', '申请描述', null, '1000.00', '100.00', '10.00', '100.00', '100.00', '100.00', '100.00', '1123598821738675208', 'TOMANAGEMENTCENTER', null, '2020-08-21 14:32:32', null, '2020-08-21 14:32:30', '1', '0');

INSERT INTO `diyi_self_help_invoice_sp_detail` VALUES ('1292662449439494104', '1292662449439494140', '1292652110559825920', '2020-08-17 16:48:16', 'http://cashbus-ddh.oss-cn-beijing.aliyuncs.com/upload/20200810/5da2db4f2d784443a635da036ce66904.jpg,http://cashbus-ddh.oss-cn-beijing.aliyuncs.com/upload/20200810/5da2db4f2d784443a635da036ce66904.jpg', 'http://cashbus-ddh.oss-cn-beijing.aliyuncs.com/upload/20200810/5da2db4f2d784443a635da036ce66904.jpg,http://cashbus-ddh.oss-cn-beijing.aliyuncs.com/upload/20200810/5da2db4f2d784443a635da036ce66904.jpg', '项羽', null, '2020-08-21 14:46:38', null, '2020-08-21 14:46:45', '1', '0');

INSERT INTO `diyi_service_provider_maker` VALUES ('1292662449439494000', '1292662449439494141', '1123598821738675208', '1292652110270418946', 'TOTALSUBCONTRACTREL', null, '2020-08-19 16:57:26', null, '2020-08-19 16:57:29', '1', '0');
INSERT INTO `diyi_service_provider_maker` VALUES ('1292662449439494001', '1292662449439494141', '1123598821738675209', '1292652110270418946', 'TOTALSUBCONTRACTREL', null, '2020-08-19 17:34:36', null, '2020-08-19 17:34:31', '1', '0');

INSERT INTO `diyi_service_provider_worker` VALUES ('1292662449439494140', '1292662449439494141', '1294577200718102538', 'http://cashbus-ddh.oss-cn-beijing.aliyuncs.com/upload/20200810/5da2db4f2d784443a635da036ce66904.jpg', 'NORMAL', '叶凡', 'MALE', 'MANAGEMENT', '18856499257', '0', '18856499257', '10470c3b4b1fed12c3baac014be15fac67c6e815', '', '', null, '2020-08-19 14:54:24', null, '2020-08-19 14:54:27', '1', '0');

INSERT INTO `diyi_worksheet` VALUES ('1123598821738675200', '1123598821738675208', '453452453453453453', '线上商城', '100', '10', '50.00', '1000.00', 'SUBPACKAGE', 'GRABBING', 'INDIVIDUALENTERPRISE', 'FINISHED', null, '', '', '2020-08-18 15:08:08', '关单', '黄秋生', '2020-08-18 15:08:29', '', '', null, '2020-08-18 14:54:43', null, '2020-08-18 14:54:40', '1', '0');
INSERT INTO `diyi_worksheet` VALUES ('1321282011073478658', '1123598821738675208', '540fecef-671b-42b7-b5cd-b400281cb088', '32', '12', '12', '12.00', '43.00', 'SUBPACKAGE', 'DISPATCH', 'NATURALPERSON', 'CLOSED', null, '', '', null, null, '', null, '32', 'http://diyi-cr.oss-cn-shanghai.aliyuncs.com/upload/20201028/da07260cc85245798db30c73aec64b5f.png', '1123598821738675202', '2020-10-28 10:45:54', '1123598821738675202', '2020-10-28 14:06:44', '1', '0');
INSERT INTO `diyi_worksheet` VALUES ('1321282861372145666', '1123598821738675208', 'c0b99bbf-ec2f-4253-ba42-284d382186fb', '郑测试1028', '5', '0', '0.00', '0.00', 'SUBPACKAGE', 'BLEND', 'NATURALPERSON', 'CLOSED', null, '', '', null, null, '', null, '搬砖', 'http://diyi-cr.oss-cn-shanghai.aliyuncs.com/upload/20201028/bf36aef20da5499396409f1353c9dc2d.jpg', '1123598821738675202', '2020-10-28 10:49:17', '1123598821738675202', '2020-10-28 14:08:03', '1', '0');
INSERT INTO `diyi_worksheet` VALUES ('1321283600412741634', '1123598821738675208', 'a992dc01-6ce6-43c1-ae76-90a7dcff0541', '23', '32', '23', '67.00', '90.00', 'SUBPACKAGE', 'GRABBING', 'NATURALPERSON', 'PUBLISHING', null, '', '', null, null, '', null, '3223', 'http://diyi-cr.oss-cn-shanghai.aliyuncs.com/upload/20201028/5242a0fd89834d1eb9cc0a20f8c6d35b.png', '1123598821738675202', '2020-10-28 10:52:13', '1123598821738675202', '2020-10-28 10:52:13', '1', '0');
INSERT INTO `diyi_worksheet` VALUES ('1321330201739075586', '1123598821738675208', 'ab15a414-4d65-4106-bbe5-32fcee320b02', '测试', '12', '3', '67.00', '89.00', 'SUBPACKAGE', 'DISPATCH', 'NATURALPERSON', 'PUBLISHING', null, '', '', null, null, '', null, '测试111', 'http://diyi-cr.oss-cn-shanghai.aliyuncs.com/upload/20201028/008dcebc15be48d4830cd0f5b86f9cd6.png', '1123598821738675202', '2020-10-28 13:57:24', '1123598821738675202', '2020-10-28 13:57:24', '1', '0');
INSERT INTO `diyi_worksheet` VALUES ('1321332098843746306', '1123598821738675208', '28cc6c58-742d-4eee-a305-de05f7b9982b', '213', '21', '12', '5.00', '4.00', 'SUBPACKAGE', 'DISPATCH', 'NATURALPERSON', 'FINISHED', null, '', '', null, null, '', null, '123', 'http://diyi-cr.oss-cn-shanghai.aliyuncs.com/upload/20201028/f17e4361678d46b1b5e1fdc17b9713f2.png', '1123598821738675202', '2020-10-28 14:04:56', '1123598821738675202', '2020-10-28 14:10:43', '1', '0');

INSERT INTO `diyi_worksheet_maker` VALUES ('1123598821738675200', '1293031275247071233', '1123598821738675200', '刘登华', 'GETGRABBING', '2020-08-18 15:35:46', 'VALIDATION', '工作成果说明', 'http://cashbus-ddh.oss-cn-beijing.aliyuncs.com/upload/20200810/5da2db4f2d784443a635da036ce66904.jpg', '2020-08-18 15:34:38', '500.00', '刘备', '2020-08-18 15:34:30', '', null, null, '2020-08-18 15:34:27', null, '2020-08-18 15:34:24', '1', '0');
INSERT INTO `diyi_worksheet_maker` VALUES ('1292652110270418900', '1292652110270418946', '1123598821738675200', '服务零', 'GETGRABBING', '2020-08-18 15:32:38', 'VALIDATION', '工作成果说明', 'http://cashbus-ddh.oss-cn-beijing.aliyuncs.com/upload/20200810/5da2db4f2d784443a635da036ce66904.jpg', '2020-08-18 15:33:30', '1000.00', '关羽', '2020-08-18 15:33:37', '', null, null, '2020-08-18 15:33:57', null, '2020-08-18 15:33:55', '1', '0');
INSERT INTO `diyi_worksheet_maker` VALUES ('1321282011299971074', '1292652110270418946', '1321282011073478658', '服务零', 'GETDISPATCH', '2020-10-28 10:45:54', 'SUBMITTED', '', '', null, '0.00', '', null, 'xitong', '2020-10-28 10:45:54', '1123598821738675202', '2020-10-28 10:45:54', '1123598821738675202', '2020-10-28 10:45:54', '1', '0');
INSERT INTO `diyi_worksheet_maker` VALUES ('1321282011396440066', '1293031275247071233', '1321282011073478658', '刘登华', 'GETDISPATCH', '2020-10-28 10:45:54', 'SUBMITTED', '', '', null, '0.00', '', null, 'xitong', '2020-10-28 10:45:54', '1123598821738675202', '2020-10-28 10:45:54', '1123598821738675202', '2020-10-28 10:45:54', '1', '0');
INSERT INTO `diyi_worksheet_maker` VALUES ('1321282861456031746', '1293033755590684674', '1321282861372145666', '周星驰', 'GETDISPATCH', '2020-10-28 10:49:17', 'SUBMITTED', '', '', null, '0.00', '', null, 'xitong', '2020-10-28 10:49:17', '1123598821738675202', '2020-10-28 10:49:17', '1123598821738675202', '2020-10-28 10:49:17', '1', '0');
INSERT INTO `diyi_worksheet_maker` VALUES ('1321282861518946306', '1293033755448078337', '1321282861372145666', '黎明', 'GETDISPATCH', '2020-10-28 10:49:17', 'SUBMITTED', '', '', null, '0.00', '', null, 'xitong', '2020-10-28 10:49:17', '1123598821738675202', '2020-10-28 10:49:17', '1123598821738675202', '2020-10-28 10:49:17', '1', '0');
INSERT INTO `diyi_worksheet_maker` VALUES ('1321330201902653441', '1292652110270418946', '1321330201739075586', '服务零', 'GETDISPATCH', '2020-10-28 13:57:24', 'SUBMITTED', '', '', null, '0.00', '', null, 'xitong', '2020-10-28 13:57:24', '1123598821738675202', '2020-10-28 13:57:24', '1123598821738675202', '2020-10-28 13:57:24', '1', '0');
INSERT INTO `diyi_worksheet_maker` VALUES ('1321330201973956609', '1294583413111472129', '1321330201739075586', '', 'GETDISPATCH', '2020-10-28 13:57:24', 'SUBMITTED', '', '', null, '0.00', '', null, 'xitong', '2020-10-28 13:57:24', '1123598821738675202', '2020-10-28 13:57:24', '1123598821738675202', '2020-10-28 13:57:24', '1', '0');
INSERT INTO `diyi_worksheet_maker` VALUES ('1321332098923438081', '1321294531703734274', '1321332098843746306', '伍细军', 'GETDISPATCH', '2020-10-28 14:04:56', 'VALIDATION', '1232', 'http://diyi-cr.oss-cn-shanghai.aliyuncs.com/upload/20201028/41e0d39aeea84d6a8c7dc0717dfece72.png', '2020-10-28 14:09:51', '300.00', '广州想象力有限公司', '2020-10-28 14:10:38', 'xitong', '2020-10-28 14:04:56', '1123598821738675202', '2020-10-28 14:04:56', '1123598821738675202', '2020-10-28 14:10:38', '1', '0');

INSERT INTO `diyi_invoice_application` VALUES ('1295992161780677777', '1123298821738675208', '2020-10-29 20:09:46', '广州想象力有限公司', '213213.00', 'string', 'ISSUEDINFULL', null, null, '2020-10-29 20:10:00', null, '2020-10-29 20:10:02', '1', '0');
INSERT INTO `diyi_invoice_application` VALUES ('1295992161780649986', '1123298821738675208', '2020-08-19 15:53:04', '广州想象力有限公司', '300000.00', 'string', 'CANCELLED', null, null, '2020-08-19 15:53:04', null, '2020-08-19 16:01:54', '1', '0');
INSERT INTO `diyi_invoice_application` VALUES ('1295994358513819650', '1123298821738675208', '2020-08-19 16:01:48', '广州想象力有限公司', '300000.00', 'string', 'CANCELLED', null, null, '2020-08-19 16:01:48', null, '2020-08-19 16:02:15', '1', '0');

INSERT INTO `diyi_invoice_application_pay_list` VALUES ('1295992161780649999', '1295992161780677777', '10000', null, '2020-10-29 20:10:34', null, '2020-10-29 20:10:37', '1', '0');
INSERT INTO `diyi_invoice_application_pay_list` VALUES ('1295992161898090498', '1295992161780649986', '1212662449111494142', null, '2020-08-19 15:53:04', null, '2020-08-19 15:53:04', '1', '0');
INSERT INTO `diyi_invoice_application_pay_list` VALUES ('1295994358601900033', '1295994358513819650', '1212662449111494142', null, '2020-08-19 16:01:48', null, '2020-08-19 16:01:48', '1', '0');

INSERT INTO `diyi_platform_invoice_list` VALUES ('1295994358601988888', '1295992161780649988', '786763786876786', '786786867', '2020-10-29 20:09:04', '测试', '213.00', '12321.00', '12321.00', '3123', '123213', '12321fdsf', '2020-10-29 20:09:19', null, '2020-10-29 20:09:22', null, '2020-10-29 20:09:25', '1', '0');
INSERT INTO `diyi_platform_invoice_list` VALUES ('1295994358601988877', '1295992161780649988', '786867868768776', '867868676', '2020-10-29 20:09:04', '测试', '1212.00', '1.00', '212.00', '12', '12', '44444.sdfds', '2020-10-29 20:01:48', null, '2020-10-29 20:01:51', null, '2020-10-29 20:01:56', '1', '0');
INSERT INTO `diyi_platform_invoice_list` VALUES ('1295994358601988834', '1295992161780649988', '7868678687678687', '868786786', '2020-08-19 15:14:50', '测试', '300.00', '111.00', '222.00', '大哥哥', '系统', '44444', '2020-08-19 15:15:27', null, '2020-08-19 15:15:34', null, '2020-08-19 15:15:36', '1', '0');
INSERT INTO `diyi_platform_invoice_list` VALUES ('1295994358601988835', '1295994358801988834', '4564892311232146', '7812312313', '2020-08-17 17:09:55', '测试', '3000.00', '2500.00', '300.00', '大哥', '系统', 'www.nai.com', '2020-08-19 15:15:43', null, '2020-08-17 17:11:06', null, '2020-08-17 17:11:08', '1', '0');

INSERT INTO `diyi_platform_invoice` VALUES ('40000', '900000', '2020-10-29 20:07:59', '21.00', '123', '21321', '3213', '213', '2020-10-29 20:08:12', '2020-10-29 20:08:14', '21', '21312', '312', null, '2020-10-29 20:08:18', null, '2020-10-29 20:08:23', '1', '0');
INSERT INTO `diyi_platform_invoice` VALUES ('44444', '0', '2020-10-29 20:00:28', '21.00', '213', '213', '2131', '23', '2020-10-29 20:00:34', '2020-10-29 20:00:37', '21', '12', '21', null, '2020-10-29 20:00:42', null, '2020-10-29 20:00:49', '1', '0');
INSERT INTO `diyi_platform_invoice` VALUES ('1295994358801988834', '0', '2020-10-28 21:56:46', '21.00', '2121', '12', '12', '12', '2020-10-28 21:57:12', '2020-10-29 20:47:56', '12', '12', '12', null, '2020-10-28 21:57:22', null, '2020-10-28 21:57:24', '1', '0');

INSERT INTO `diyi_platform_invoice_pay_list` VALUES ('1212662449439494140', '1295994358801988834', '1212662449439494141', null, '2020-08-17 17:12:10', null, '2020-08-17 17:12:12', '1', '0');
INSERT INTO `diyi_platform_invoice_pay_list` VALUES ('1212662449439494143', '1295992161780649988', '1212662449111494142', null, '2020-08-19 15:05:11', null, '2020-08-19 15:05:13', '1', '0');

INSERT INTO `diyi_rel_bureau` VALUES ('1318554939474038786', 'TAXBUREAU', '', 'ergozi', 'adcd7048512e64b48da55b027577886ee5a36350', '白云区税局', '广州市白云区xx街道xx小区30栋2233市', 'baidu.com', '二狗子', '科员', '15243556311', '15243556777', '15243556777', '二狗子', '15243556666', '李四', '15243556312', '1123598821738675271', '2020-10-20 22:09:30', '1123598821738675271', '2020-10-21 10:21:12', '1', '0');
INSERT INTO `diyi_rel_bureau` VALUES ('1319094787624648705', 'MARSUPANDADM', '', 'wangxiaoer', 'adcd7048512e64b48da55b027577886ee5a36350', '广州市荔湾区市场监督管理局', '广州市荔湾区xx街道xx小区xx栋2233室', 'baidu.com', '王小二', '科员', '17777777777', '17373671811', '1717171717', '王大狗', '15555558888', '王二狗', '1888888888888', '1123598821738675271', '2020-10-22 09:54:40', '1123598821738675271', '2020-10-22 10:04:26', '1', '0');
INSERT INTO `diyi_rel_bureau` VALUES ('1319165398522761217', 'INDUSTRIALPARKS', '', 'zhaoliu', 'adcd7048512e64b48da55b027577886ee5a36350', '广州市海珠区产业园区', '广州市海珠区xx街道xx小区22栋33室', 'baidu.com', '赵六', '科员', '15577777777', '17373671811', 'zhaoliu', '赵大', '15555558888', '赵二', '18866667777', '1123598821738675271', '2020-10-22 14:35:15', '1123598821738675271', '2020-10-22 14:38:21', '1', '0');
INSERT INTO `diyi_rel_bureau` VALUES ('1319195820325576706', 'PAYINGAGENCY', '', 'gebilaowang', 'adcd7048512e64b48da55b027577886ee5a36350', '连连支付', '广州市越秀区xx街道xx小区22栋33室', 'baidu.com', '隔壁老王', '科员', '15577777777', '17373671811', 'gebilaowang', '王大', '15555558888', '王小二', '18866667777', '1123598821738675271', '2020-10-22 16:36:08', '1123598821738675271', '2020-10-22 16:41:00', '1', '0');

INSERT INTO `diyi_rel_bureau_service_provider` VALUES ('1319198518059909121', '1319195820325576706', '1292662449439494141', '1292662449439494141', 'OPEN', '1123598821738675271', '2020-10-22 16:46:51', '1123598821738675271', '2020-10-22 16:50:51', '1', '0');